{"cameraMode":{"drawMode":0,"name":"Shaded","section":"Shading Mode"},"sceneLighting":false,"audioPlay":false,"sceneViewState":{"showFog":true,"showMaterialUpdate":false,"showSkybox":true,"showFlares":true,"showImageEffects":true,"showParticleSystems":true},"in2DMode":false,"pivot":{"x":-11.626638412475586,"y":1.3338470458984376,"z":5.415660381317139},"rotation":{"x":-0.39829719066619875,"y":-0.024214021861553193,"z":0.010518708266317845,"w":-0.9168764352798462},"size":6.095485210418701,"orthographic":false}