{"cameraMode":{"drawMode":0,"name":"Shaded","section":"Shading Mode"},"sceneLighting":false,"audioPlay":false,"sceneViewState":{"showFog":true,"showMaterialUpdate":false,"showSkybox":true,"showFlares":true,"showImageEffects":true,"showParticleSystems":true},"in2DMode":false,"pivot":{"x":18.75,"y":0.4999997615814209,"z":69.83000183105469},"rotation":{"x":-0.39829719066619875,"y":-0.024214021861553193,"z":0.010518708266317845,"w":-0.9168764352798462},"size":3.02750563621521,"orthographic":false}