{"cameraMode":{"drawMode":0,"name":"Shaded","section":"Shading Mode"},"sceneLighting":false,"audioPlay":false,"sceneViewState":{"showFog":true,"showMaterialUpdate":false,"showSkybox":true,"showFlares":true,"showImageEffects":true,"showParticleSystems":true},"in2DMode":false,"pivot":{"x":37.20871353149414,"y":4.460088729858398,"z":67.12659454345703},"rotation":{"x":-0.3151599168777466,"y":-0.18710383772850038,"z":0.06352613121271134,"w":-0.9282407760620117},"size":31.601564407348634,"orthographic":false}