{"cameraMode":{"drawMode":0,"name":"Shaded","section":"Shading Mode"},"sceneLighting":false,"audioPlay":false,"sceneViewState":{"showFog":true,"showMaterialUpdate":false,"showSkybox":true,"showFlares":true,"showImageEffects":true,"showParticleSystems":true},"in2DMode":false,"pivot":{"x":541.8313598632813,"y":496.4435119628906,"z":7.4601593017578129},"rotation":{"x":-0.2467377930879593,"y":-0.0008755246526561677,"z":0.00022272500791586936,"w":-0.9690818786621094},"size":233.34524536132813,"orthographic":false}