{"cameraMode":{"drawMode":0,"name":"Shaded","section":"Shading Mode"},"sceneLighting":false,"audioPlay":false,"sceneViewState":{"showFog":true,"showMaterialUpdate":false,"showSkybox":true,"showFlares":true,"showImageEffects":true,"showParticleSystems":true},"in2DMode":false,"pivot":{"x":-2.178229570388794,"y":0.4639110565185547,"z":0.6551485061645508},"rotation":{"x":-0.27398574352264407,"y":0.0423920601606369,"z":-0.012089855037629605,"w":-0.9607229828834534},"size":5.7000579833984379,"orthographic":false}